-- SQL Script – Create & Populate Tables for Smart Order Dashboard
create database SmartOrder 
use SmartOrder
-- Customers Table
CREATE TABLE Customers (
    CustomerID INT PRIMARY KEY,
    FullName NVARCHAR(100),
    Phone VARCHAR(20),
    ReferralID INT NULL,
    FOREIGN KEY (ReferralID) REFERENCES Customers(CustomerID)
);
-- Restaurants Table
CREATE TABLE Restaurants (
    RestaurantID INT PRIMARY KEY,
    Name NVARCHAR(100),
    City NVARCHAR(50)
);
-- Orders Table
CREATE TABLE Orders (
    OrderID INT PRIMARY KEY,
    CustomerID INT,
    RestaurantID INT,
    OrderDate DATE,
    Status VARCHAR(20),
    FOREIGN KEY (CustomerID) REFERENCES Customers(CustomerID),
    FOREIGN KEY (RestaurantID) REFERENCES Restaurants(RestaurantID)
);
-- OrderItems Table
CREATE TABLE OrderItems (
    OrderItemID INT PRIMARY KEY,
    OrderID INT,
    ItemName NVARCHAR(100),
    Quantity INT,
    Price DECIMAL(6,2),
    FOREIGN KEY (OrderID) REFERENCES Orders(OrderID)
);
-- Menu Table
CREATE TABLE Menu (
    MenuID INT PRIMARY KEY,
    RestaurantID INT,
    ItemName NVARCHAR(100),
    Price DECIMAL(6,2),
    FOREIGN KEY (RestaurantID) REFERENCES Restaurants(RestaurantID)
);
-- Insert Sample Data
-- Customers
INSERT INTO Customers VALUES 
(1, 'Ahmed AlHarthy', '91234567', NULL),
(2, 'Fatma AlBalushi', '92345678', 1),
(3, 'Salim AlZadjali', '93456789', NULL),
(4, 'Aisha AlHinai', '94567890', 2);
-- Restaurants
INSERT INTO Restaurants VALUES 
(1, 'Shawarma King', 'Muscat'),
(2, 'Pizza World', 'Sohar'),
(3, 'Burger Spot', 'Nizwa');
-- Menu
INSERT INTO Menu VALUES
(1, 1, 'Shawarma Chicken', 1.500),
(2, 1, 'Shawarma Beef', 1.800),
(3, 2, 'Pepperoni Pizza', 3.000),
(4, 2, 'Cheese Pizza', 2.500),
(5, 3, 'Classic Burger', 2.000),
(6, 3, 'Zinger Burger', 2.200);
-- Orders
INSERT INTO Orders VALUES
(101, 1, 1, '2024-05-01', 'Delivered'),
(102, 2, 2, '2024-05-02', 'Preparing'),
(103, 3, 1, '2024-05-03', 'Cancelled'),
(104, 4, 3, '2024-05-04', 'Delivered');
-- OrderItems
INSERT INTO OrderItems VALUES
(1, 101, 'Shawarma Chicken', 2, 1.500),
(2, 101, 'Shawarma Beef', 1, 1.800),
(3, 102, 'Pepperoni Pizza', 1, 3.000),
(4, 104, 'Classic Burger', 2, 2.000),
(5, 104, 'Zinger Burger', 1, 2.200);
